{"cameraMode":{"drawMode":0,"name":"Shaded","section":"Shading Mode"},"sceneLighting":true,"audioPlay":false,"sceneViewState":{"m_AlwaysRefresh":false,"showFog":true,"showSkybox":true,"showFlares":true,"showImageEffects":true,"showParticleSystems":true,"showVisualEffectGraphs":true,"m_FxEnabled":true},"in2DMode":false,"pivot":{"x":-27.065034866333009,"y":6.7142486572265629,"z":0.07860672473907471},"rotation":{"x":0.030958378687500955,"y":0.7247887849807739,"z":0.03263746574521065,"w":-0.6874983310699463},"size":19.969404220581056,"orthographic":false}