{"cameraMode":{"drawMode":0,"name":"Shaded","section":"Shading Mode"},"sceneLighting":true,"audioPlay":false,"sceneViewState":{"m_AlwaysRefresh":false,"showFog":true,"showSkybox":true,"showFlares":true,"showImageEffects":true,"showParticleSystems":true,"showVisualEffectGraphs":true,"m_FxEnabled":true},"in2DMode":false,"pivot":{"x":7.537301063537598,"y":2.7248475551605226,"z":2.549628257751465},"rotation":{"x":0.02869747020304203,"y":-0.7858209609985352,"z":0.03656705468893051,"w":0.6167051792144775},"size":2.1758103370666506,"orthographic":false}