{"cameraMode":{"drawMode":0,"name":"Shaded","section":"Shading Mode"},"sceneLighting":false,"audioPlay":false,"sceneViewState":{"m_AlwaysRefresh":false,"showFog":true,"showSkybox":false,"showFlares":true,"showImageEffects":true,"showParticleSystems":true,"showVisualEffectGraphs":true,"m_FxEnabled":true},"in2DMode":false,"pivot":{"x":0.24999991059303285,"y":0.4999999403953552,"z":0.24999994039535523},"rotation":{"x":0.2714312672615051,"y":-0.6827494502067566,"z":0.30612635612487795,"w":0.6053692102432251},"size":0.6123723983764648,"orthographic":false}